/*
SQLyog Ultimate v11.24 (32 bit)
MySQL - 5.7.20 : Database - logview
*********************************************************************
*/

/*!40101 SET NAMES utf8 */;

/*!40101 SET SQL_MODE=''*/;

/*!40014 SET @OLD_UNIQUE_CHECKS=@@UNIQUE_CHECKS, UNIQUE_CHECKS=0 */;
/*!40014 SET @OLD_FOREIGN_KEY_CHECKS=@@FOREIGN_KEY_CHECKS, FOREIGN_KEY_CHECKS=0 */;
/*!40101 SET @OLD_SQL_MODE=@@SQL_MODE, SQL_MODE='NO_AUTO_VALUE_ON_ZERO' */;
/*!40111 SET @OLD_SQL_NOTES=@@SQL_NOTES, SQL_NOTES=0 */;
CREATE DATABASE /*!32312 IF NOT EXISTS*/`logview` /*!40100 DEFAULT CHARACTER SET utf8 */;

USE `logview`;

/*Table structure for table `env` */

DROP TABLE IF EXISTS `env`;

CREATE TABLE `env` (
  `id` int(10) NOT NULL AUTO_INCREMENT,
  `envname` varchar(100) NOT NULL,
  `Create_Time` datetime DEFAULT NULL,
  `Update_Time` datetime DEFAULT NULL,
  PRIMARY KEY (`id`)
) ENGINE=InnoDB AUTO_INCREMENT=8 DEFAULT CHARSET=utf8;

/*Data for the table `env` */

LOCK TABLES `env` WRITE;

insert  into `env`(`id`,`envname`,`Create_Time`,`Update_Time`) values (1,'dev',NULL,NULL),(2,'sit',NULL,NULL),(3,'release',NULL,NULL),(4,'product',NULL,NULL),(5,'Thailand-release',NULL,NULL);

UNLOCK TABLES;

/*Table structure for table `environmentals` */

DROP TABLE IF EXISTS `environmentals`;

CREATE TABLE `environmentals` (
  `id` int(11) unsigned NOT NULL AUTO_INCREMENT,
  `name` varchar(255) CHARACTER SET utf8 COLLATE utf8_unicode_ci DEFAULT NULL,
  `path` varchar(255) CHARACTER SET utf8 COLLATE utf8_unicode_ci DEFAULT NULL,
  `machine` varchar(255) CHARACTER SET utf8 COLLATE utf8_unicode_ci DEFAULT NULL,
  `user` varchar(255) CHARACTER SET utf8 COLLATE utf8_unicode_ci DEFAULT NULL,
  `passwd` varchar(255) CHARACTER SET utf8 COLLATE utf8_unicode_ci DEFAULT NULL,
  `hostport` int(11) DEFAULT NULL,
  `domain` varchar(255) DEFAULT NULL,
  `Create_Time` datetime DEFAULT NULL,
  `Update_Time` datetime DEFAULT NULL,
  `Env_Id` int(11) NOT NULL DEFAULT '0',
  `Perject_Id` int(11) NOT NULL DEFAULT '0',
  PRIMARY KEY (`id`)
) ENGINE=InnoDB AUTO_INCREMENT=189 DEFAULT CHARSET=utf8;

/*Data for the table `environmentals` */

LOCK TABLES `environmentals` WRITE;

insert  into `environmentals`(`id`,`name`,`path`,`machine`,`user`,`passwd`,`hostport`,`domain`,`Create_Time`,`Update_Time`,`Env_Id`,`Perject_Id`) values (1,'何义伯','','','','',0,'',NULL,'2018-11-22 08:30:35',0,0),(2,'王斌','','','','',0,'',NULL,'2018-11-22 08:15:01',0,0),(3,'wms_inf.log','/data/webapps/wms_inf/logs/','10.108.2.54','wms','!@qwaszx',22,'wms_inf',NULL,'2018-11-22 08:50:20',1,1),(4,'stdout.log','/data/webapps/wms_inf/','10.108.2.54','wms','!@qwaszx',22,'wms_inf',NULL,NULL,1,1),(5,'wms_rcv.log','/data/webapps/wms_rcv/logs/','10.108.2.54','wms','!@qwaszx',22,'wms_rcv','2018-10-04 08:29:54','2018-10-04 08:29:54',1,1),(6,'stdout.log','/data/webapps/wms_rcv/','10.108.2.54','wms','!@qwaszx',22,'wms_rcv',NULL,NULL,1,1),(7,'stdout.log','/data/webapps/config-server/','10.108.2.54','wms','!@qwaszx',22,'config-server',NULL,NULL,1,1),(8,'stdout.log','/data/webapps/wms-job/','10.108.2.54','wms','!@qwaszx',22,'wms-job',NULL,'2018-11-22 06:15:39',1,1),(9,'stdout.log','/data/webapps/zuul/','10.108.2.54','wms','!@qwaszx',22,'zuul',NULL,NULL,1,1),(10,'stdout.log','/data/webapps/eureka-server/','10.108.2.55','wms','!@qwaszx',22,'eureka-server',NULL,NULL,1,1),(11,'stdout.log','/data/webapps/hystrix-dashboard/','10.108.2.55','wms','!@qwaszx',22,'hystrix-dashboard',NULL,NULL,1,1),(12,'stdout.log','/data/webapps/wms_biz/','10.108.2.55','wms','!@qwaszx',22,'wms_biz',NULL,NULL,1,1),(13,'wms_biz.log','/data/webapps/wms_biz/logs/','10.108.2.55','wms','!@qwaszx',22,'wms_biz',NULL,NULL,1,1),(14,'stdout.log','/data/webapps/wms_cy/','10.108.2.55','wms','!@qwaszx',22,'wms_cy',NULL,NULL,1,1),(15,'wms_cy.log','/data/webapps/wms_cy/logs/','10.108.2.55','wms','!@qwaszx',22,'wms_cy',NULL,NULL,1,1),(16,'stdout.log','/data/webapps/wms-log/','10.108.2.55','wms','!@qwaszx',22,'wms-log',NULL,NULL,1,1),(17,'stdout.log','/data/webapps/wms-print/','10.108.2.55','wms','!@qwaszx',22,'wms-print',NULL,NULL,1,1),(18,'wms-print.log','/data/webapps/wms-print/logs/','10.108.2.55','wms','!@qwaszx',22,'wms-print',NULL,NULL,1,1),(19,'stdout.log','/data/webapps/wms_seq/','10.108.2.55','wms','!@qwaszx',22,'wms_seq',NULL,NULL,1,1),(20,'wms_seq.log','/data/webapps/wms_seq/logs/','10.108.2.55','wms','!@qwaszx',22,'wms_seq',NULL,NULL,1,1),(21,'stdout.log','/data/webapps/admin-dashboard/','10.108.2.55','wms','!@qwaszx',22,'admin-dashboard',NULL,NULL,1,1),(22,'stdout.log','/data/webapps/wms_inv/','10.108.2.55','wms','!@qwaszx',22,'wms_inv',NULL,NULL,1,1),(23,'wms_inv.log','/data/webapps/wms_inv/logs/','10.108.2.55','wms','!@qwaszx',22,'wms_inv',NULL,NULL,1,1),(24,'wms_auth.log','/data/webapps/wms_auth/logs/','10.108.6.94','wms','!@qwaszx',22,'wms_auth',NULL,'2018-10-06 01:30:54',2,1),(25,'stdout.log','/data/webapps/wms_auth/','10.108.6.94','wms','!@qwaszx',22,'wms_auth',NULL,NULL,2,1),(26,'wms_inf.log','/data/webapps/wms_inf/logs/','10.108.6.92','wms','!@qwaszx',22,'wms_inf',NULL,NULL,2,1),(27,'stdout.log','/data/webapps/wms_inf/','10.108.6.92','wms','!@qwaszx',22,'wms_inf',NULL,NULL,2,1),(28,'wms_rcv.log','/data/webapps/wms_rcv/logs/','10.108.6.94','wms','!@qwaszx',22,'wms_rcv','2018-10-04 08:29:54','2018-10-04 08:29:54',2,1),(29,'stdout.log','/data/webapps/wms_rcv/','10.108.6.94','wms','!@qwaszx',22,'wms_rcv',NULL,NULL,2,1),(30,'stdout.log','/data/webapps/config-server/','10.108.6.94','wms','!@qwaszx',22,'config-server',NULL,NULL,2,1),(31,'stdout.log','/data/webapps/wms-job/','10.108.6.92','wms','!@qwaszx',22,'wms-job',NULL,'2018-11-22 06:17:46',2,1),(32,'stdout.log','/data/webapps/zuul/','10.108.6.94','wms','!@qwaszx',22,'zuul',NULL,NULL,2,1),(33,'stdout.log','/data/webapps/eureka-server/','10.108.6.93','wms','!@qwaszx',22,'eureka-server',NULL,NULL,2,1),(34,'stdout.log','/data/webapps/hystrix-dashboard/','10.108.6.93','wms','!@qwaszx',22,'hystrix-dashboard',NULL,NULL,2,1),(35,'stdout.log','/data/webapps/wms_biz/','10.108.6.93','wms','!@qwaszx',22,'wms_biz',NULL,NULL,2,1),(36,'wms_biz.log','/data/webapps/wms_biz/logs/','10.108.6.93','wms','!@qwaszx',22,'wms_biz',NULL,NULL,2,1),(37,'stdout.log','/data/webapps/wms_cy/','10.108.6.93','wms','!@qwaszx',22,'wms_cy',NULL,NULL,2,1),(38,'wms_cy.log','/data/webapps/wms_cy/logs/','10.108.6.93','wms','!@qwaszx',22,'wms_cy',NULL,NULL,2,1),(39,'stdout.log','/data/webapps/wms-log/','10.108.6.93','wms','!@qwaszx',22,'wms-log',NULL,NULL,2,1),(40,'stdout.log','/data/webapps/wms-print/','10.108.6.92','wms','!@qwaszx',22,'wms-print',NULL,NULL,2,1),(41,'wms-print.log','/data/webapps/wms-print/logs/','10.108.6.92','wms','!@qwaszx',22,'wms-print',NULL,NULL,2,1),(42,'stdout.log','/data/webapps/wms_seq/','10.108.6.94','wms','!@qwaszx',22,'wms_seq',NULL,NULL,2,1),(43,'wms_seq.log','/data/webapps/wms_seq/logs/','10.108.6.94','wms','!@qwaszx',22,'wms_seq',NULL,NULL,2,1),(44,'stdout.log','/data/webapps/admin-dashboard/','10.108.6.92','wms','!@qwaszx',22,'admin-dashboard',NULL,NULL,2,1),(45,'stdout.log','/data/webapps/wms_inv/','10.108.6.92','wms','!@qwaszx',22,'wms_inv',NULL,NULL,2,1),(46,'wms_inv.log','/data/webapps/wms_inv/logs/','10.108.6.92','wms','!@qwaszx',22,'wms_inv',NULL,NULL,2,1),(47,'wms_auth.log','/data/webapps/wms_auth/logs/','10.102.4.159','wms','!@qwaszx',22,'wms_auth',NULL,'2018-10-06 01:30:54',3,1),(48,'stdout.log','/data/webapps/wms_auth/','10.102.4.159','wms','!@qwaszx',22,'wms_auth',NULL,NULL,3,1),(49,'wms_auth.log','/data/webapps/wms_auth/logs/','10.102.4.160','wms','!@qwaszx',22,'wms_auth',NULL,'2018-10-06 01:30:54',3,1),(50,'stdout.log','/data/webapps/wms_auth/','10.102.4.160','wms','!@qwaszx',22,'wms_auth',NULL,NULL,3,1),(51,'wms_inf.log','/data/webapps/wms_inf/logs/','10.102.4.157','wms','!@qwaszx',22,'wms_inf',NULL,NULL,3,1),(52,'stdout.log','/data/webapps/wms_inf/','10.102.4.157','wms','!@qwaszx',22,'wms_inf',NULL,NULL,3,1),(53,'wms_inf.log','/data/webapps/wms_inf/logs/','10.102.4.158','wms','!@qwaszx',22,'wms_inf',NULL,NULL,3,1),(54,'stdout.log','/data/webapps/wms_inf/','10.102.4.158','wms','!@qwaszx',22,'wms_inf',NULL,NULL,3,1),(55,'wms_rcv.log','/data/webapps/wms_rcv/logs/','10.102.4.159','wms','!@qwaszx',22,'wms_rcv','2018-10-04 08:29:54','2018-10-04 08:29:54',3,1),(56,'stdout.log','/data/webapps/wms_rcv/','10.102.4.159','wms','!@qwaszx',22,'wms_rcv',NULL,NULL,3,1),(57,'wms_rcv.log','/data/webapps/wms_rcv/logs/','10.102.4.160','wms','!@qwaszx',22,'wms_rcv','2018-10-04 08:29:54','2018-10-04 08:29:54',3,1),(58,'stdout.log','/data/webapps/wms_rcv/','10.102.4.160','wms','!@qwaszx',22,'wms_rcv',NULL,NULL,3,1),(59,'stdout.log','/data/webapps/config-server/','10.102.4.157','wms','!@qwaszx',22,'config-server',NULL,NULL,3,1),(60,'stdout.log','/data/webapps/config-server/','10.102.4.158','wms','!@qwaszx',22,'config-server',NULL,NULL,3,1),(61,'stdout.log','/data/webapps/wms-job/','10.102.4.161','wms','!@qwaszx',22,'wms-job',NULL,'2018-11-22 06:17:18',3,1),(62,'stdout.log','/data/webapps/wms-job/','10.102.4.162','wms','!@qwaszx',22,'wms-job',NULL,'2018-11-22 06:17:26',3,1),(63,'stdout.log','/data/webapps/zuul/','10.102.4.157','wms','!@qwaszx',22,'zuul',NULL,NULL,3,1),(64,'stdout.log','/data/webapps/zuul/','10.102.4.158','wms','!@qwaszx',22,'zuul',NULL,NULL,3,1),(65,'stdout.log','/data/webapps/eureka-server/','10.102.4.157','wms','!@qwaszx',22,'eureka-server',NULL,NULL,3,1),(66,'stdout.log','/data/webapps/eureka-server/','10.102.4.158','wms','!@qwaszx',22,'eureka-server',NULL,NULL,3,1),(67,'stdout.log','/data/webapps/hystrix-dashboard/','10.102.4.157','wms','!@qwaszx',22,'hystrix-dashboard',NULL,NULL,3,1),(68,'stdout.log','/data/webapps/hystrix-dashboard/','10.102.4.158','wms','!@qwaszx',22,'hystrix-dashboard',NULL,NULL,3,1),(69,'stdout.log','/data/webapps/wms_biz/','10.102.4.159','wms','!@qwaszx',22,'wms_biz',NULL,NULL,3,1),(70,'wms_biz.log','/data/webapps/wms_biz/logs/','10.102.4.159','wms','!@qwaszx',22,'wms_biz',NULL,NULL,3,1),(71,'stdout.log','/data/webapps/wms_biz/','10.102.4.160','wms','!@qwaszx',22,'wms_biz',NULL,NULL,3,1),(72,'wms_biz.log','/data/webapps/wms_biz/logs/','10.102.4.160','wms','!@qwaszx',22,'wms_biz',NULL,NULL,3,1),(73,'stdout.log','/data/webapps/wms_cy/','10.102.4.159','wms','!@qwaszx',22,'wms_cy',NULL,NULL,3,1),(74,'wms_cy.log','/data/webapps/wms_cy/logs/','10.102.4.159','wms','!@qwaszx',22,'wms_cy',NULL,NULL,3,1),(75,'stdout.log','/data/webapps/wms_cy/','10.102.4.160','wms','!@qwaszx',22,'wms_cy',NULL,NULL,3,1),(76,'wms_cy.log','/data/webapps/wms_cy/logs/','10.102.4.160','wms','!@qwaszx',22,'wms_cy',NULL,NULL,3,1),(77,'stdout.log','/data/webapps/wms-log/','10.102.4.159','wms','!@qwaszx',22,'wms-log',NULL,NULL,3,1),(78,'stdout.log','/data/webapps/wms-log/','10.102.4.160','wms','!@qwaszx',22,'wms-log',NULL,NULL,3,1),(79,'stdout.log','/data/webapps/wms-print/','10.102.4.162','wms','!@qwaszx',22,'wms-print',NULL,NULL,3,1),(80,'wms-print.log','/data/webapps/wms-print/logs/','10.102.4.162','wms','!@qwaszx',22,'wms-print',NULL,NULL,3,1),(81,'stdout.log','/data/webapps/wms-print/','10.102.4.161','wms','!@qwaszx',22,'wms-print',NULL,NULL,3,1),(82,'wms-print.log','/data/webapps/wms-print/logs/','10.102.4.161','wms','!@qwaszx',22,'wms-print',NULL,NULL,3,1),(83,'stdout.log','/data/webapps/wms_seq/','10.102.4.161','wms','!@qwaszx',22,'wms_seq',NULL,NULL,3,1),(84,'wms_seq.log','/data/webapps/wms_seq/logs/','10.102.4.161','wms','!@qwaszx',22,'wms_seq',NULL,NULL,3,1),(85,'stdout.log','/data/webapps/wms_seq/','10.102.4.162','wms','!@qwaszx',22,'wms_seq',NULL,NULL,3,1),(86,'wms_seq.log','/data/webapps/wms_seq/logs/','10.102.4.162','wms','!@qwaszx',22,'wms_seq',NULL,NULL,3,1),(87,'stdout.log','/data/webapps/admin-dashboard/','10.102.4.161','wms','!@qwaszx',22,'admin-dashboard',NULL,NULL,3,1),(88,'stdout.log','/data/webapps/admin-dashboard/','10.102.4.162','wms','!@qwaszx',22,'admin-dashboard',NULL,NULL,3,1),(89,'stdout.log','/data/webapps/wms_inv/','10.102.4.161','wms','!@qwaszx',22,'wms_inv',NULL,NULL,3,1),(90,'wms_inv.log','/data/webapps/wms_inv/logs/','10.102.4.161','wms','!@qwaszx',22,'wms_inv',NULL,NULL,3,1),(91,'stdout.log','/data/webapps/wms_inv/','10.102.4.162','wms','!@qwaszx',22,'wms_inv',NULL,NULL,3,1),(92,'wms_inv.log','/data/webapps/wms_inv/logs/','10.102.4.162','wms','!@qwaszx',22,'wms_inv',NULL,NULL,3,1),(93,'wms_auth.log','/data/webapps/wms_auth/logs/','10.102.5.88','wms','!@qwaszx',22,'wms_auth',NULL,'2018-10-06 01:30:54',4,1),(94,'stdout.log','/data/webapps/wms_auth/','10.102.5.88','wms','!@qwaszx',22,'wms_auth',NULL,NULL,4,1),(95,'wms_auth.log','/data/webapps/wms_auth/logs/','10.102.5.169','wms','!@qwaszx',22,'wms_auth',NULL,'2018-10-06 01:30:54',4,1),(96,'stdout.log','/data/webapps/wms_auth/','10.102.5.169','wms','!@qwaszx',22,'wms_auth',NULL,NULL,4,1),(97,'wms_inf.log','/data/webapps/wms_inf/logs/','10.102.5.23','wms','!@qwaszx',22,'wms_inf',NULL,NULL,4,1),(98,'stdout.log','/data/webapps/wms_inf/','10.102.5.23','wms','!@qwaszx',22,'wms_inf',NULL,NULL,4,1),(99,'wms_inf.log','/data/webapps/wms_inf/logs/','10.102.5.183','wms','!@qwaszx',22,'wms_inf',NULL,NULL,4,1),(100,'stdout.log','/data/webapps/wms_inf/','10.102.5.183','wms','!@qwaszx',22,'wms_inf',NULL,NULL,4,1),(101,'wms_rcv.log','/data/webapps/wms_rcv/logs/','10.102.5.88','wms','!@qwaszx',22,'wms_rcv','2018-10-04 08:29:54','2018-10-04 08:29:54',4,1),(102,'stdout.log','/data/webapps/wms_rcv/','10.102.5.88','wms','!@qwaszx',22,'wms_rcv',NULL,NULL,4,1),(103,'wms_rcv.log','/data/webapps/wms_rcv/logs/','10.102.5.169','wms','!@qwaszx',22,'wms_rcv','2018-10-04 08:29:54','2018-10-04 08:29:54',4,1),(104,'stdout.log','/data/webapps/wms_rcv/','10.102.5.169','wms','!@qwaszx',22,'wms_rcv',NULL,NULL,4,1),(105,'stdout.log','/data/webapps/config-server/','10.102.5.83','wms','!@qwaszx',22,'config-server',NULL,NULL,4,1),(106,'stdout.log','/data/webapps/config-server/','10.102.5.164','wms','!@qwaszx',22,'config-server',NULL,NULL,4,1),(107,'stdout.log','/data/webapps/config-server/','10.102.5.5','wms','!@qwaszx',22,'config-server',NULL,NULL,4,1),(108,'stdout.log','/data/webapps/wms-job/','10.102.5.170','wms','!@qwaszx',22,'wms-job',NULL,'2018-11-22 06:18:19',4,1),(109,'stdout.log','/data/webapps/wms-job/','10.102.5.26','wms','!@qwaszx',22,'wms-job',NULL,'2018-11-22 06:18:30',4,1),(110,'stdout.log','/data/webapps/zuul/','10.102.5.22','wms','!@qwaszx',22,'zuul',NULL,NULL,4,1),(111,'stdout.log','/data/webapps/zuul/','10.102.5.182','wms','!@qwaszx',22,'zuul',NULL,NULL,4,1),(112,'stdout.log','/data/webapps/zuul/','10.102.5.162','wms','!@qwaszx',22,'zuul',NULL,NULL,4,1),(113,'stdout.log','/data/webapps/eureka-server/','10.102.5.4','wms','!@qwaszx',22,'eureka-server',NULL,NULL,4,1),(114,'stdout.log','/data/webapps/eureka-server/','10.102.5.163','wms','!@qwaszx',22,'eureka-server',NULL,NULL,4,1),(115,'stdout.log','/data/webapps/eureka-server/','10.102.5.82','wms','!@qwaszx',22,'eureka-server',NULL,NULL,4,1),(116,'stdout.log','/data/webapps/hystrix-dashboard/','10.102.5.183','wms','!@qwaszx',22,'hystrix-dashboard',NULL,NULL,4,1),(117,'stdout.log','/data/webapps/hystrix-dashboard/','10.102.5.23','wms','!@qwaszx',22,'hystrix-dashboard',NULL,NULL,4,1),(118,'stdout.log','/data/webapps/wms_biz/','10.102.5.168','wms','!@qwaszx',22,'wms_biz',NULL,NULL,4,1),(119,'wms_biz.log','/data/webapps/wms_biz/logs/','10.102.5.168','wms','!@qwaszx',22,'wms_biz',NULL,NULL,4,1),(120,'stdout.log','/data/webapps/wms_biz/','10.102.5.188','wms','!@qwaszx',22,'wms_biz',NULL,NULL,4,1),(121,'wms_biz.log','/data/webapps/wms_biz/logs/','10.102.5.188','wms','!@qwaszx',22,'wms_biz',NULL,NULL,4,1),(123,'stdout.log','/data/webapps/wms_cy/','10.102.5.167','wms','!@qwaszx',22,'wms_cy',NULL,NULL,4,1),(124,'wms_cy.log','/data/webapps/wms_cy/logs/','10.102.5.167','wms','!@qwaszx',22,'wms_cy',NULL,NULL,4,1),(125,'stdout.log','/data/webapps/wms_cy/','10.102.5.86','wms','!@qwaszx',22,'wms_cy',NULL,NULL,4,1),(126,'wms_cy.log','/data/webapps/wms_cy/logs/','10.102.5.86','wms','!@qwaszx',22,'wms_cy',NULL,NULL,4,1),(127,'stdout.log','/data/webapps/wms-log/','10.102.5.188','wms','!@qwaszx',22,'wms-log',NULL,NULL,4,1),(128,'stdout.log','/data/webapps/wms-log/','10.102.5.168','wms','!@qwaszx',22,'wms-log',NULL,NULL,4,1),(129,'stdout.log','/data/webapps/wms-print/','10.102.5.167','wms','!@qwaszx',22,'wms-print',NULL,NULL,4,1),(130,'wms-print.log','/data/webapps/wms-print/logs/','10.102.5.167','wms','!@qwaszx',22,'wms-print',NULL,NULL,4,1),(131,'stdout.log','/data/webapps/wms-print/','10.102.5.86','wms','!@qwaszx',22,'wms-print',NULL,NULL,4,1),(132,'wms-print.log','/data/webapps/wms-print/logs/','10.102.5.86','wms','!@qwaszx',22,'wms-print',NULL,NULL,4,1),(133,'stdout.log','/data/webapps/wms_seq/','10.102.5.187','wms','!@qwaszx',22,'wms_seq',NULL,NULL,4,1),(134,'wms_seq.log','/data/webapps/wms_seq/logs/','10.102.5.187','wms','!@qwaszx',22,'wms_seq',NULL,NULL,4,1),(135,'stdout.log','/data/webapps/wms_seq/','10.102.5.87','wms','!@qwaszx',22,'wms_seq',NULL,NULL,4,1),(136,'wms_seq.log','/data/webapps/wms_seq/logs/','10.102.5.87','wms','!@qwaszx',22,'wms_seq',NULL,NULL,4,1),(137,'stdout.log','/data/webapps/admin-dashboard/','10.102.5.187','wms','!@qwaszx',22,'admin-dashboard',NULL,NULL,4,1),(138,'stdout.log','/data/webapps/admin-dashboard/','10.102.5.87','wms','!@qwaszx',22,'admin-dashboard',NULL,NULL,4,1),(139,'stdout.log','/data/webapps/wms_inv/','10.102.5.170','wms','!@qwaszx',22,'wms_inv',NULL,NULL,4,1),(140,'wms_inv.log','/data/webapps/wms_inv/logs/','10.102.5.170','wms','!@qwaszx',22,'wms_inv',NULL,NULL,4,1),(141,'stdout.log','/data/webapps/wms_inv/','10.102.5.26','wms','!@qwaszx',22,'wms_inv',NULL,NULL,4,1),(142,'wms_inv.log','/data/webapps/wms_inv/logs/','10.102.5.26','wms','!@qwaszx',22,'wms_inv',NULL,NULL,4,1),(143,'wms_auth.log','/data/webapps/wms_auth/logs/','10.135.102.24','appuser','Anji@2018',22,'wms_auth',NULL,'2018-10-06 01:30:54',5,1),(144,'stdout.log','/data/webapps/wms_auth/','10.135.102.24','appuser','Anji@2018',22,'wms_auth',NULL,NULL,5,1),(145,'wms_auth.log','/data/webapps/wms_auth/logs/','10.135.102.25','appuser','Anji@2018',22,'wms_auth',NULL,'2018-10-06 01:30:54',5,1),(146,'stdout.log','/data/webapps/wms_auth/','10.135.102.25','appuser','Anji@2018',22,'wms_auth',NULL,NULL,5,1),(147,'wms_inf.log','/data/webapps/wms_inf/logs/','10.135.102.24','appuser','Anji@2018',22,'wms_inf',NULL,NULL,5,1),(148,'stdout.log','/data/webapps/wms_inf/','10.135.102.24','appuser','Anji@2018',22,'wms_inf',NULL,NULL,5,1),(149,'wms_inf.log','/data/webapps/wms_inf/logs/','10.135.102.25','appuser','Anji@2018',22,'wms_inf',NULL,NULL,5,1),(150,'stdout.log','/data/webapps/wms_inf/','10.135.102.25','appuser','Anji@2018',22,'wms_inf',NULL,NULL,5,1),(151,'wms_rcv.log','/data/webapps/wms_rcv/logs/','10.135.102.26','appuser','Anji@2018',22,'wms_rcv','2018-10-04 08:29:54','2018-10-04 08:29:54',5,1),(152,'stdout.log','/data/webapps/wms_rcv/','10.135.102.26','appuser','Anji@2018',22,'wms_rcv',NULL,NULL,5,1),(153,'wms_rcv.log','/data/webapps/wms_rcv/logs/','10.135.102.27','appuser','Anji@2018',22,'wms_rcv','2018-10-04 08:29:54','2018-10-04 08:29:54',5,1),(154,'stdout.log','/data/webapps/wms_rcv/','10.135.102.27','appuser','Anji@2018',22,'wms_rcv',NULL,NULL,5,1),(155,'stdout.log','/data/webapps/config-server/','10.135.102.15','appuser','Anji@2018',22,'config-server',NULL,NULL,5,1),(156,'stdout.log','/data/webapps/config-server/','10.135.102.17','appuser','Anji@2018',22,'config-server',NULL,NULL,5,1),(157,'stdout.log','/data/webapps/wms-job/','10.135.102.28','appuser','Anji@2018',22,'wms-job',NULL,'2018-11-22 06:18:54',5,1),(158,'stdout.log','/data/webapps/wms-job/','10.135.102.29','appuser','Anji@2018',22,'wms-job',NULL,'2018-11-22 06:19:19',5,1),(159,'stdout.log','/data/webapps/zuul/','10.135.102.15','appuser','Anji@2018',22,'zuul',NULL,NULL,5,1),(160,'stdout.log','/data/webapps/zuul/','10.135.102.17','appuser','Anji@2018',22,'zuul',NULL,NULL,5,1),(161,'stdout.log','/data/webapps/eureka-server/','10.135.102.15','appuser','Anji@2018',22,'eureka-server',NULL,NULL,5,1),(162,'stdout.log','/data/webapps/eureka-server/','10.135.102.17','appuser','Anji@2018',22,'eureka-server',NULL,NULL,5,1),(163,'stdout.log','/data/webapps/hystrix-dashboard/','10.135.102.24','appuser','Anji@2018',22,'hystrix-dashboard',NULL,NULL,5,1),(164,'stdout.log','/data/webapps/hystrix-dashboard/','10.135.102.25','appuser','Anji@2018',22,'hystrix-dashboard',NULL,NULL,5,1),(165,'stdout.log','/data/webapps/wms_biz/','10.135.102.26','appuser','Anji@2018',22,'wms_biz',NULL,NULL,5,1),(166,'wms_biz.log','/data/webapps/wms_biz/logs/','10.135.102.26','appuser','Anji@2018',22,'wms_biz',NULL,NULL,5,1),(167,'stdout.log','/data/webapps/wms_biz/','10.135.102.27','appuser','Anji@2018',22,'wms_biz',NULL,NULL,5,1),(168,'wms_biz.log','/data/webapps/wms_biz/logs/','10.135.102.27','appuser','Anji@2018',22,'wms_biz',NULL,NULL,5,1),(169,'stdout.log','/data/webapps/wms_cy/','10.135.102.26','appuser','Anji@2018',22,'wms_cy',NULL,NULL,5,1),(170,'wms_cy.log','/data/webapps/wms_cy/logs/','10.135.102.26','appuser','Anji@2018',22,'wms_cy',NULL,NULL,5,1),(171,'stdout.log','/data/webapps/wms_cy/','10.135.102.27','appuser','Anji@2018',22,'wms_cy',NULL,NULL,5,1),(172,'wms_cy.log','/data/webapps/wms_cy/logs/','10.135.102.27','appuser','Anji@2018',22,'wms_cy',NULL,NULL,5,1),(173,'stdout.log','/data/webapps/wms-log/','10.135.102.26','appuser','Anji@2018',22,'wms-log',NULL,NULL,5,1),(174,'stdout.log','/data/webapps/wms-log/','10.135.102.27','appuser','Anji@2018',22,'wms-log',NULL,NULL,5,1),(175,'stdout.log','/data/webapps/wms-print/','10.135.102.24','appuser','Anji@2018',22,'wms-print',NULL,NULL,5,1),(176,'wms-print.log','/data/webapps/wms-print/logs/','10.135.102.24','appuser','Anji@2018',22,'wms-print',NULL,NULL,5,1),(177,'stdout.log','/data/webapps/wms-print/','10.135.102.25','appuser','Anji@2018',22,'wms-print',NULL,NULL,5,1),(178,'wms-print.log','/data/webapps/wms-print/logs/','10.135.102.25','appuser','Anji@2018',22,'wms-print',NULL,NULL,5,1),(179,'stdout.log','/data/webapps/wms_seq/','10.135.102.28','appuser','Anji@2018',22,'wms_seq',NULL,NULL,5,1),(180,'wms_seq.log','/data/webapps/wms_seq/logs/','10.135.102.28','appuser','Anji@2018',22,'wms_seq',NULL,NULL,5,1),(181,'stdout.log','/data/webapps/wms_seq/','10.135.102.29','appuser','Anji@2018',22,'wms_seq',NULL,NULL,5,1),(182,'wms_seq.log','/data/webapps/wms_seq/logs/','10.135.102.29','appuser','Anji@2018',22,'wms_seq',NULL,NULL,5,1),(183,'stdout.log','/data/webapps/admin-dashboard/','10.135.102.28','appuser','Anji@2018',22,'admin-dashboard',NULL,NULL,5,1),(184,'stdout.log','/data/webapps/admin-dashboard/','10.135.102.29','appuser','Anji@2018',22,'admin-dashboard',NULL,NULL,5,1),(185,'stdout.log','/data/webapps/wms_inv/','10.135.102.29','appuser','Anji@2018',22,'wms_inv',NULL,NULL,5,1),(186,'wms_inv.log','/data/webapps/wms_inv/logs/','10.135.102.29','appuser','Anji@2018',22,'wms_inv',NULL,NULL,5,1),(187,'stdout.log','/data/webapps/wms_inv/','10.135.102.28','appuser','Anji@2018',22,'wms_inv',NULL,NULL,5,1),(188,'wms_inv.log','/data/webapps/wms_inv/logs/','10.135.102.28','appuser','Anji@2018',22,'wms_inv',NULL,NULL,5,1);

UNLOCK TABLES;

/*Table structure for table `health` */

DROP TABLE IF EXISTS `health`;

CREATE TABLE `health` (
  `id` int(11) unsigned NOT NULL AUTO_INCREMENT,
  `name` varchar(100) CHARACTER SET utf8 COLLATE utf8_unicode_ci DEFAULT NULL,
  `processname` varchar(100) CHARACTER SET utf8 COLLATE utf8_unicode_ci DEFAULT NULL,
  `inspection` varchar(50) CHARACTER SET utf8 COLLATE utf8_unicode_ci DEFAULT NULL,
  `url` varchar(255) CHARACTER SET utf8 COLLATE utf8_unicode_ci DEFAULT NULL,
  `port` int(11) DEFAULT NULL,
  `user` varchar(100) CHARACTER SET utf8 COLLATE utf8_unicode_ci DEFAULT NULL,
  `passwd` varchar(100) CHARACTER SET utf8 COLLATE utf8_unicode_ci DEFAULT NULL,
  `hostport` int(11) DEFAULT NULL,
  `Env_Id` int(11) NOT NULL DEFAULT '0',
  `Perject_Id` int(11) NOT NULL DEFAULT '0',
  `Create_Time` datetime DEFAULT NULL,
  `Update_Time` datetime DEFAULT NULL,
  PRIMARY KEY (`id`)
) ENGINE=InnoDB DEFAULT CHARSET=utf8;

/*Data for the table `health` */

LOCK TABLES `health` WRITE;

UNLOCK TABLES;

/*Table structure for table `perject` */

DROP TABLE IF EXISTS `perject`;

CREATE TABLE `perject` (
  `id` int(10) NOT NULL AUTO_INCREMENT,
  `perject` varchar(100) NOT NULL,
  `Create_Time` datetime DEFAULT NULL,
  `Update_Time` datetime DEFAULT NULL,
  PRIMARY KEY (`id`)
) ENGINE=InnoDB AUTO_INCREMENT=4 DEFAULT CHARSET=utf8;

/*Data for the table `perject` */

LOCK TABLES `perject` WRITE;

insert  into `perject`(`id`,`perject`,`Create_Time`,`Update_Time`) values (1,'wms',NULL,'2018-11-22 08:33:18'),(2,'wms-thailand',NULL,'2018-10-02 05:51:47');

UNLOCK TABLES;

/*Table structure for table `software` */

DROP TABLE IF EXISTS `software`;

CREATE TABLE `software` (
  `id` int(10) NOT NULL AUTO_INCREMENT,
  `domain` varchar(100) NOT NULL,
  `script` varchar(100) NOT NULL,
  `checkscript` varchar(100) NOT NULL,
  `path` varchar(255) NOT NULL,
  `port` int(10) NOT NULL,
  `softname` varchar(50) NOT NULL,
  `softpath` varchar(100) NOT NULL,
  `Env_Id` int(5) NOT NULL,
  `Perject_Id` int(5) NOT NULL,
  `Create_Time` datetime DEFAULT NULL,
  `Update_Time` datetime DEFAULT NULL,
  PRIMARY KEY (`id`)
) ENGINE=InnoDB AUTO_INCREMENT=76 DEFAULT CHARSET=utf8;

/*Data for the table `software` */

LOCK TABLES `software` WRITE;

insert  into `software`(`id`,`domain`,`script`,`checkscript`,`path`,`port`,`softname`,`softpath`,`Env_Id`,`Perject_Id`,`Create_Time`,`Update_Time`) values (1,'wms_auth','appservice.sh','check-service.sh','/data/script/',38222,'wms_auth.jar','/data/webapps/wms_auth/',1,1,NULL,'2018-11-22 09:07:43'),(2,'wms_inf','appservice.sh','check-service.sh','/data/script/',38112,'wms_inf.jar','/data/webapps/wms_inf/',1,1,NULL,'2018-11-22 08:52:21'),(3,'config-server','appservice.sh','check-service.sh','/data/script/',38100,'config-server.jar','/data/webapps/config-server/',1,1,'2018-11-16 06:27:19','2018-11-16 06:27:19'),(4,'wms-job','appservice.sh','check-service.sh','/data/script/',38081,'wms-job.jar','/data/webapps/wms-job/',1,1,'2018-11-16 06:27:19','2018-11-16 06:27:19'),(5,'wms_rcv','appservice.sh','check-service.sh','/data/script/',38108,'wms_rcv.jar','/data/webapps/wms_rcv/',1,1,'2018-11-16 06:27:19','2018-11-16 06:27:19'),(6,'zuul','appservice.sh','check-service.sh','/data/script/',38999,'zuul.jar','/data/webapps/zuul/',1,1,'2018-11-16 06:27:19','2018-11-16 06:27:19'),(7,'eureka-server','appservice.sh','check-service.sh','/data/script/',38761,'eureka-server.jar','/data/webapps/eureka-server/',1,1,'2018-11-16 06:27:19','2018-11-16 06:27:19'),(8,'hystrix-dashboard','appservice.sh','check-service.sh','/data/script/',38050,'hystrix-dashboard.jar','/data/webapps/hystrix-dashboard/',1,1,'2018-11-16 06:27:19','2018-11-16 06:27:19'),(9,'wms_biz','appservice.sh','check-service.sh','/data/script/',38107,'wms_biz.jar','/data/webapps/wms_biz/',1,1,'2018-11-16 06:27:19','2018-11-16 06:27:19'),(10,'wms_cy','appservice.sh','check-service.sh','/data/script/',38111,'wms_cy.jar','/data/webapps/wms_cy/',1,1,'2018-11-16 06:27:19','2018-11-16 06:27:19'),(11,'wms-log','appservice.sh','check-service.sh','/data/script/',38188,'wms-log.jar','/data/webapps/wms-log/',1,1,'2018-11-16 06:27:19','2018-11-16 06:27:19'),(12,'wms-print','appservice.sh','check-service.sh','/data/script/',38110,'wms-print.jar','/data/webapps/wms-print/',1,1,'2018-11-16 06:27:19','2018-11-16 06:27:19'),(13,'wms_seq','appservice.sh','check-service.sh','/data/script/',38113,'wms_seq.jar','/data/webapps/wms_seq/',1,1,'2018-11-16 06:27:19','2018-11-16 06:27:19'),(14,'admin-dashboard','appservice.sh','check-service.sh','/data/script/',8040,'admin-dashboard.jar','/data/webapps/admin-dashboard/',1,1,'2018-11-16 06:27:19','2018-11-16 06:27:19'),(15,'wms_inv','appservice.sh','check-service.sh','/data/script/',38109,'wms_inv.jar','/data/webapps/wms_inv/',1,1,'2018-11-16 06:27:19','2018-11-16 06:27:19'),(16,'wms_auth','appservice.sh','check-service.sh','/data/script/',38222,'wms_auth.jar','/data/webapps/wms_auth/',2,1,'2018-11-16 10:10:29','2018-11-16 10:10:34'),(17,'wms_inf','appservice.sh','check-service.sh','/data/script/',38112,'wms_inf.jar','/data/webapps/wms_inf/',2,1,'2018-11-16 06:27:19','2018-11-16 06:27:19'),(18,'config-server','appservice.sh','check-service.sh','/data/script/',38100,'config-server.jar','/data/webapps/config-server/',2,1,'2018-11-16 06:27:19','2018-11-16 06:27:19'),(19,'wms-job','appservice.sh','check-service.sh','/data/script/',38081,'wms-job.jar','/data/webapps/wms-job/',2,1,'2018-11-16 06:27:19','2018-11-16 06:27:19'),(20,'wms_rcv','appservice.sh','check-service.sh','/data/script/',38108,'wms_rcv.jar','/data/webapps/wms_rcv/',2,1,'2018-11-16 06:27:19','2018-11-16 06:27:19'),(21,'zuul','appservice.sh','check-service.sh','/data/script/',38999,'zuul.jar','/data/webapps/zuul/',2,1,'2018-11-16 06:27:19','2018-11-16 06:27:19'),(22,'eureka-server','appservice.sh','check-service.sh','/data/script/',38761,'eureka-server.jar','/data/webapps/eureka-server/',2,1,'2018-11-16 06:27:19','2018-11-16 06:27:19'),(23,'hystrix-dashboard','appservice.sh','check-service.sh','/data/script/',38050,'hystrix-dashboard.jar','/data/webapps/hystrix-dashboard/',2,1,'2018-11-16 06:27:19','2018-11-16 06:27:19'),(24,'wms_biz','appservice.sh','check-service.sh','/data/script/',38107,'wms_biz.jar','/data/webapps/wms_biz/',2,1,'2018-11-16 06:27:19','2018-11-16 06:27:19'),(25,'wms_cy','appservice.sh','check-service.sh','/data/script/',38111,'wms_cy.jar','/data/webapps/wms_cy/',2,1,'2018-11-16 06:27:19','2018-11-16 06:27:19'),(26,'wms-log','appservice.sh','check-service.sh','/data/script/',38188,'wms-log.jar','/data/webapps/wms-log/',2,1,'2018-11-16 06:27:19','2018-11-16 06:27:19'),(27,'wms-print','appservice.sh','check-service.sh','/data/script/',38110,'wms-print.jar','/data/webapps/wms-print/',2,1,'2018-11-16 06:27:19','2018-11-16 06:27:19'),(28,'wms_seq','appservice.sh','check-service.sh','/data/script/',38113,'wms_seq.jar','/data/webapps/wms_seq/',2,1,'2018-11-16 06:27:19','2018-11-16 06:27:19'),(29,'admin-dashboard','appservice.sh','check-service.sh','/data/script/',8040,'admin-dashboard.jar','/data/webapps/admin-dashboard/',2,1,'2018-11-16 06:27:19','2018-11-16 06:27:19'),(30,'wms_inv','appservice.sh','check-service.sh','/data/script/',38109,'wms_inv.jar','/data/webapps/wms_inv/',2,1,'2018-11-16 06:27:19','2018-11-16 06:27:19'),(31,'wms_auth','appservice.sh','check-service.sh','/data/script/',38222,'wms_auth.jar','/data/webapps/wms_auth/',3,1,'2018-11-16 10:10:29','2018-11-16 10:10:34'),(32,'wms_inf','appservice.sh','check-service.sh','/data/script/',38112,'wms_inf.jar','/data/webapps/wms_inf/',3,1,'2018-11-16 06:27:19','2018-11-16 06:27:19'),(33,'config-server','appservice.sh','check-service.sh','/data/script/',38100,'config-server.jar','/data/webapps/config-server/',3,1,'2018-11-16 06:27:19','2018-11-16 06:27:19'),(34,'wms-job','appservice.sh','check-service.sh','/data/script/',38081,'wms-job.jar','/data/webapps/wms-job/',3,1,'2018-11-16 06:27:19','2018-11-16 06:27:19'),(35,'wms_rcv','appservice.sh','check-service.sh','/data/script/',38108,'wms_rcv.jar','/data/webapps/wms_rcv/',3,1,'2018-11-16 06:27:19','2018-11-16 06:27:19'),(36,'zuul','appservice.sh','check-service.sh','/data/script/',38999,'zuul.jar','/data/webapps/zuul/',3,1,'2018-11-16 06:27:19','2018-11-16 06:27:19'),(37,'eureka-server','appservice.sh','check-service.sh','/data/script/',38761,'eureka-server.jar','/data/webapps/eureka-server/',3,1,'2018-11-16 06:27:19','2018-11-16 06:27:19'),(38,'hystrix-dashboard','appservice.sh','check-service.sh','/data/script/',38050,'hystrix-dashboard.jar','/data/webapps/hystrix-dashboard/',3,1,'2018-11-16 06:27:19','2018-11-16 06:27:19'),(39,'wms_biz','appservice.sh','check-service.sh','/data/script/',38107,'wms_biz.jar','/data/webapps/wms_biz/',3,1,'2018-11-16 06:27:19','2018-11-16 06:27:19'),(40,'wms_cy','appservice.sh','check-service.sh','/data/script/',38111,'wms_cy.jar','/data/webapps/wms_cy/',3,1,'2018-11-16 06:27:19','2018-11-16 06:27:19'),(41,'wms-log','appservice.sh','check-service.sh','/data/script/',38188,'wms-log.jar','/data/webapps/wms-log/',3,1,'2018-11-16 06:27:19','2018-11-16 06:27:19'),(42,'wms-print','appservice.sh','check-service.sh','/data/script/',38110,'wms-print.jar','/data/webapps/wms-print/',3,1,'2018-11-16 06:27:19','2018-11-16 06:27:19'),(43,'wms_seq','appservice.sh','check-service.sh','/data/script/',38113,'wms_seq.jar','/data/webapps/wms_seq/',3,1,'2018-11-16 06:27:19','2018-11-16 06:27:19'),(44,'admin-dashboard','appservice.sh','check-service.sh','/data/script/',8040,'admin-dashboard.jar','/data/webapps/admin-dashboard/',3,1,'2018-11-16 06:27:19','2018-11-16 06:27:19'),(45,'wms_inv','appservice.sh','check-service.sh','/data/script/',38109,'wms_inv.jar','/data/webapps/wms_inv/',3,1,'2018-11-16 06:27:19','2018-11-16 06:27:19'),(46,'wms_auth','appservice.sh','check-service.sh','/data/script/',38222,'wms_auth.jar','/data/webapps/wms_auth/',4,1,'2018-11-16 10:10:29','2018-11-16 10:10:34'),(47,'wms_inf','appservice.sh','check-service.sh','/data/script/',38112,'wms_inf.jar','/data/webapps/wms_inf/',4,1,'2018-11-16 06:27:19','2018-11-16 06:27:19'),(48,'config-server','appservice.sh','check-service.sh','/data/script/',38100,'config-server.jar','/data/webapps/config-server/',4,1,'2018-11-16 06:27:19','2018-11-16 06:27:19'),(49,'wms-job','appservice.sh','check-service.sh','/data/script/',38081,'wms-job.jar','/data/webapps/wms-job/',4,1,'2018-11-16 06:27:19','2018-11-16 06:27:19'),(50,'wms_rcv','appservice.sh','check-service.sh','/data/script/',38108,'wms_rcv.jar','/data/webapps/wms_rcv/',4,1,'2018-11-16 06:27:19','2018-11-16 06:27:19'),(51,'zuul','appservice.sh','check-service.sh','/data/script/',38999,'zuul.jar','/data/webapps/zuul/',4,1,'2018-11-16 06:27:19','2018-11-16 06:27:19'),(52,'eureka-server','appservice.sh','check-service.sh','/data/script/',38761,'eureka-server.jar','/data/webapps/eureka-server/',4,1,'2018-11-16 06:27:19','2018-11-16 06:27:19'),(53,'hystrix-dashboard','appservice.sh','check-service.sh','/data/script/',38050,'hystrix-dashboard.jar','/data/webapps/hystrix-dashboard/',4,1,'2018-11-16 06:27:19','2018-11-16 06:27:19'),(54,'wms_biz','appservice.sh','check-service.sh','/data/script/',38107,'wms_biz.jar','/data/webapps/wms_biz/',4,1,'2018-11-16 06:27:19','2018-11-16 06:27:19'),(55,'wms_cy','appservice.sh','check-service.sh','/data/script/',38111,'wms_cy.jar','/data/webapps/wms_cy/',4,1,'2018-11-16 06:27:19','2018-11-16 06:27:19'),(56,'wms-log','appservice.sh','check-service.sh','/data/script/',38188,'wms-log.jar','/data/webapps/wms-log/',4,1,'2018-11-16 06:27:19','2018-11-16 06:27:19'),(57,'wms-print','appservice.sh','check-service.sh','/data/script/',38110,'wms-print.jar','/data/webapps/wms-print/',4,1,'2018-11-16 06:27:19','2018-11-16 06:27:19'),(58,'wms_seq','appservice.sh','check-service.sh','/data/script/',38113,'wms_seq.jar','/data/webapps/wms_seq/',4,1,'2018-11-16 06:27:19','2018-11-16 06:27:19'),(59,'admin-dashboard','appservice.sh','check-service.sh','/data/script/',8040,'admin-dashboard.jar','/data/webapps/admin-dashboard/',4,1,'2018-11-16 06:27:19','2018-11-16 06:27:19'),(60,'wms_inv','appservice.sh','check-service.sh','/data/script/',38109,'wms_inv.jar','/data/webapps/wms_inv/',4,1,'2018-11-16 06:27:19','2018-11-16 06:27:19'),(61,'wms_auth','appservice.sh','check-service.sh','/data/script/',38222,'wms_auth.jar','/data/webapps/wms_auth/',5,1,'2018-11-16 10:10:29','2018-11-16 10:10:34'),(62,'wms_inf','appservice.sh','check-service.sh','/data/script/',38112,'wms_inf.jar','/data/webapps/wms_inf/',5,1,'2018-11-16 06:27:19','2018-11-16 06:27:19'),(63,'config-server','appservice.sh','check-service.sh','/data/script/',38100,'config-server.jar','/data/webapps/config-server/',5,1,'2018-11-16 06:27:19','2018-11-16 06:27:19'),(64,'wms-job','appservice.sh','check-service.sh','/data/script/',38081,'wms-job.jar','/data/webapps/wms-job/',5,1,'2018-11-16 06:27:19','2018-11-16 06:27:19'),(65,'wms_rcv','appservice.sh','check-service.sh','/data/script/',38108,'wms_rcv.jar','/data/webapps/wms_rcv/',5,1,'2018-11-16 06:27:19','2018-11-16 06:27:19'),(66,'zuul','appservice.sh','check-service.sh','/data/script/',38999,'zuul.jar','/data/webapps/zuul/',5,1,'2018-11-16 06:27:19','2018-11-16 06:27:19'),(67,'eureka-server','appservice.sh','check-service.sh','/data/script/',38761,'eureka-server.jar','/data/webapps/eureka-server/',5,1,'2018-11-16 06:27:19','2018-11-16 06:27:19'),(68,'hystrix-dashboard','appservice.sh','check-service.sh','/data/script/',38050,'hystrix-dashboard.jar','/data/webapps/hystrix-dashboard/',5,1,'2018-11-16 06:27:19','2018-11-16 06:27:19'),(69,'wms_biz','appservice.sh','check-service.sh','/data/script/',38107,'wms_biz.jar','/data/webapps/wms_biz/',5,1,'2018-11-16 06:27:19','2018-11-16 06:27:19'),(70,'wms_cy','appservice.sh','check-service.sh','/data/script/',38111,'wms_cy.jar','/data/webapps/wms_cy/',5,1,'2018-11-16 06:27:19','2018-11-16 06:27:19'),(71,'wms-log','appservice.sh','check-service.sh','/data/script/',38188,'wms-log.jar','/data/webapps/wms-log/',5,1,'2018-11-16 06:27:19','2018-11-16 06:27:19'),(72,'wms-print','appservice.sh','check-service.sh','/data/script/',38110,'wms-print.jar','/data/webapps/wms-print/',5,1,'2018-11-16 06:27:19','2018-11-16 06:27:19'),(73,'wms_seq','appservice.sh','check-service.sh','/data/script/',38113,'wms_seq.jar','/data/webapps/wms_seq/',5,1,'2018-11-16 06:27:19','2018-11-16 06:27:19'),(74,'admin-dashboard','appservice.sh','check-service.sh','/data/script/',8040,'admin-dashboard.jar','/data/webapps/admin-dashboard/',5,1,'2018-11-16 06:27:19','2018-11-16 06:27:19'),(75,'wms_inv','appservice.sh','check-service.sh','/data/script/',38109,'wms_inv.jar','/data/webapps/wms_inv/',5,1,'2018-11-16 06:27:19','2018-11-16 06:27:19');

UNLOCK TABLES;

/*Table structure for table `user` */

DROP TABLE IF EXISTS `user`;

CREATE TABLE `user` (
  `id` int(11) unsigned NOT NULL AUTO_INCREMENT,
  `username` varchar(255) NOT NULL DEFAULT '',
  `password` varchar(255) NOT NULL DEFAULT '',
  `name` varchar(50) NOT NULL,
  `Birth_Date` varchar(50) NOT NULL,
  `perjectid` int(11) NOT NULL DEFAULT '0',
  `status` int(11) NOT NULL DEFAULT '0',
  `Gender` int(8) NOT NULL,
  `Email` varchar(255) NOT NULL,
  `Phone` varchar(255) NOT NULL,
  `Create_Time` datetime DEFAULT NULL,
  `Update_Time` datetime NOT NULL,
  PRIMARY KEY (`id`)
) ENGINE=InnoDB AUTO_INCREMENT=27 DEFAULT CHARSET=utf8;

/*Data for the table `user` */

LOCK TABLES `user` WRITE;

insert  into `user`(`id`,`username`,`password`,`name`,`Birth_Date`,`perjectid`,`status`,`Gender`,`Email`,`Phone`,`Create_Time`,`Update_Time`) values (1,'heyibo','p@ssw0rd','何义伯','2018-09-01',1,1,1,'heyibo@anji-plus.com','12312312333',NULL,'2018-11-22 08:33:02'),(2,'wangbing','p@ssw0rd','王斌','2018-08-02',2,1,0,'wangbin@anji-plus.com','12345678912',NULL,'2018-09-25 17:00:09'),(26,'zhanglei','111111','ll','2018-1-1',1,1,1,'2381322131@qq.com','124921','2018-12-10 03:23:27','2018-12-10 03:23:27');

UNLOCK TABLES;

/*!40101 SET SQL_MODE=@OLD_SQL_MODE */;
/*!40014 SET FOREIGN_KEY_CHECKS=@OLD_FOREIGN_KEY_CHECKS */;
/*!40014 SET UNIQUE_CHECKS=@OLD_UNIQUE_CHECKS */;
/*!40111 SET SQL_NOTES=@OLD_SQL_NOTES */;
